auroc,threshold
0.8276729004044109,0.16731645166873932
