auroc,threshold
0.8105330587003454,0.4676845967769623
