auroc,threshold
0.8153644160456278,0.4617849886417389
