auroc,threshold
0.7987788123501463,0.3451811671257019
