auroc,threshold
0.8283903262554726,0.11186106503009796
