auroc,threshold
0.8222176591075709,0.252530962228775
