auroc,threshold
0.8375246409751658,0.2163655012845993
