auroc,threshold
0.8249183664689795,0.4860215187072754
