auroc,threshold
0.7965772209571607,0.4221188724040985
