auroc,threshold
0.8560452703958372,0.06995794177055359
