auroc,threshold
0.856823944779497,0.07826308161020279
