auroc,threshold
0.8333237928895554,0.21658170223236084
