auroc,threshold
0.8181396201036351,0.47135674953460693
