auroc,threshold
0.8573002884350323,0.0741213783621788
