auroc,threshold
0.8440813907761123,0.22892335057258606
