auroc,threshold
0.8406104560377974,0.09165783226490021
