auroc,threshold
0.815958619444663,0.12317607551813126
