auroc,threshold
0.8263795983570975,0.4852040410041809
