auroc,threshold
0.8100648439128944,0.4422801733016968
