auroc,threshold
0.7877111953594015,0.04271826893091202
