auroc,threshold
0.8384431337165877,0.18562543392181396
