,target,params
alpha,0.27731175618690806,4.246144504190337
colsample_bytree,0.27731175618690806,0.6733984542970959
gamma,0.27731175618690806,2.079441455149396
learning_rate,0.27731175618690806,0.29627862159231916
max_depth,0.27731175618690806,1.0390378386239745
min_child_weight,0.27731175618690806,3.824095925763153
n_estimators,0.27731175618690806,146.13044515425838
reg_lambda,0.27731175618690806,1.8812016296296508
scale_pos_weight,0.27731175618690806,3.3070942103080836
subsample,0.27731175618690806,0.38471341396387015
